"Group","CSR","MeanDeliveryTime","SD_DeliveryTime","DTV"
"All Customers",3.19794554051851,35.0304092613729,10.1152174429068,28.8755331615853
