"Group","CSR","MeanDeliveryTime","SD_DeliveryTime","DTV"
"control",3.17416829745597,35.2801696020874,10.1600300302668,28.7981326191405
"treatment 1",3.19406392694064,34.9562948467058,10.2130029953257,29.2164917366468
"treatment 2",3.21193348549071,34.7264427779589,10.1598683143664,29.2568645148271
"treatment 3",3.21160743397457,35.15878708836,9.92170377021197,28.2196986638847
